{"mean":{"confidence_interval":{"confidence_level":0.95,"lower_bound":-0.012217740580583558,"upper_bound":0.027202624391260904},"point_estimate":0.007931015488757742,"standard_error":0.010052913367609587},"median":{"confidence_interval":{"confidence_level":0.95,"lower_bound":0.02070467962082323,"upper_bound":0.039466122962793504},"point_estimate":0.03128050426078799,"standard_error":0.004590335472218879}}