{"mean":{"confidence_interval":{"confidence_level":0.95,"lower_bound":0.02085799317888165,"upper_bound":0.06896329532654202},"point_estimate":0.04592151831599911,"standard_error":0.0123618207382235},"median":{"confidence_interval":{"confidence_level":0.95,"lower_bound":0.02951997769146253,"upper_bound":0.055616011076127236},"point_estimate":0.041352832281975616,"standard_error":0.006694082392634019}}