{"mean":{"confidence_interval":{"confidence_level":0.95,"lower_bound":0.002262836368063982,"upper_bound":0.029554983154785677},"point_estimate":0.015413383979037798,"standard_error":0.00705863344663871},"median":{"confidence_interval":{"confidence_level":0.95,"lower_bound":-0.0023096950525037796,"upper_bound":0.012364858705901757},"point_estimate":0.004625924114291413,"standard_error":0.003914639587804331}}