{"mean":{"confidence_interval":{"confidence_level":0.95,"lower_bound":-0.07391187932117073,"upper_bound":-0.04736808374811739},"point_estimate":-0.06071665322462305,"standard_error":0.006755084591000996},"median":{"confidence_interval":{"confidence_level":0.95,"lower_bound":-0.07802190698768385,"upper_bound":-0.02157819697094565},"point_estimate":-0.04970792208466157,"standard_error":0.015249175599697212}}