{"mean":{"confidence_interval":{"confidence_level":0.95,"lower_bound":-0.009039045401737968,"upper_bound":0.01707360191195617},"point_estimate":0.0034592349725230953,"standard_error":0.006661348252632636},"median":{"confidence_interval":{"confidence_level":0.95,"lower_bound":-0.0007679345351933873,"upper_bound":0.020507087663327095},"point_estimate":0.007414580508590118,"standard_error":0.00563740909935889}}