{"mean":{"confidence_interval":{"confidence_level":0.95,"lower_bound":789894.1819581912,"upper_bound":824192.4934924082},"point_estimate":805427.4868661608,"standard_error":8799.414247852925},"median":{"confidence_interval":{"confidence_level":0.95,"lower_bound":772801.6666666666,"upper_bound":789619.575},"point_estimate":780667.2875,"standard_error":4368.359042520481},"median_abs_dev":{"confidence_interval":{"confidence_level":0.95,"lower_bound":17614.054878280673,"upper_bound":32034.219405239754},"point_estimate":22974.781167460944,"standard_error":3493.9634453169597},"slope":{"confidence_interval":{"confidence_level":0.95,"lower_bound":787154.2449238912,"upper_bound":830047.201868246},"point_estimate":806362.0714807152,"standard_error":11012.634366152168},"std_dev":{"confidence_interval":{"confidence_level":0.95,"lower_bound":48630.955477936746,"upper_bound":124089.6883544492},"point_estimate":88465.8714378107,"standard_error":19611.81653198591}}