{"mean":{"confidence_interval":{"confidence_level":0.95,"lower_bound":0.005228089746053716,"upper_bound":0.058032491791116615},"point_estimate":0.029710845368805305,"standard_error":0.013712464777188921},"median":{"confidence_interval":{"confidence_level":0.95,"lower_bound":0.006787386204611501,"upper_bound":0.027024578733437332},"point_estimate":0.015123796823184321,"standard_error":0.005427128628928066}}