{"mean":{"confidence_interval":{"confidence_level":0.95,"lower_bound":1.5801214626507931,"upper_bound":1.7632190774511491},"point_estimate":1.66947499082135,"standard_error":0.0465587274977052},"median":{"confidence_interval":{"confidence_level":0.95,"lower_bound":1.7120912612999395,"upper_bound":1.7867383451873295},"point_estimate":1.753155191293322,"standard_error":0.018872370348658227}}