{"mean":{"confidence_interval":{"confidence_level":0.95,"lower_bound":-0.05679666827001125,"upper_bound":-0.023968115180568503},"point_estimate":-0.040078394933569794,"standard_error":0.00834527932325504},"median":{"confidence_interval":{"confidence_level":0.95,"lower_bound":-0.04713557162880033,"upper_bound":-0.03185724775135734},"point_estimate":-0.03601356351998941,"standard_error":0.0037945617862223287}}