{"mean":{"confidence_interval":{"confidence_level":0.95,"lower_bound":-0.037304209561179795,"upper_bound":-0.010866884753540293},"point_estimate":-0.024432999287561596,"standard_error":0.006753014590261364},"median":{"confidence_interval":{"confidence_level":0.95,"lower_bound":-0.03774874781130644,"upper_bound":-0.011353507846862287},"point_estimate":-0.024266979097641528,"standard_error":0.007067205874862174}}