{"mean":{"confidence_interval":{"confidence_level":0.95,"lower_bound":0.002150746487224502,"upper_bound":0.05289821234992032},"point_estimate":0.02541348437694757,"standard_error":0.01262919747995735},"median":{"confidence_interval":{"confidence_level":0.95,"lower_bound":0.006808705487527655,"upper_bound":0.02551880219002234},"point_estimate":0.01598199914982268,"standard_error":0.004852576728360748}}