{"mean":{"confidence_interval":{"confidence_level":0.95,"lower_bound":-0.03010640386031484,"upper_bound":-0.009692532338449661},"point_estimate":-0.020367992733086093,"standard_error":0.005190162695252712},"median":{"confidence_interval":{"confidence_level":0.95,"lower_bound":-0.030273585814607262,"upper_bound":-0.011970606258991823},"point_estimate":-0.020346597278801615,"standard_error":0.004326268633698836}}