{"mean":{"confidence_interval":{"confidence_level":0.95,"lower_bound":-0.6468644664028133,"upper_bound":-0.6308200092065778},"point_estimate":-0.6389541665369372,"standard_error":0.004101851125420644},"median":{"confidence_interval":{"confidence_level":0.95,"lower_bound":-0.6426302216717767,"upper_bound":-0.6307579376265721},"point_estimate":-0.6349907657932172,"standard_error":0.0030574236867307618}}