{"mean":{"confidence_interval":{"confidence_level":0.95,"lower_bound":-0.041894232517450065,"upper_bound":0.010413152751178545},"point_estimate":-0.015445719644755496,"standard_error":0.013339650429364788},"median":{"confidence_interval":{"confidence_level":0.95,"lower_bound":0.0035108255086775397,"upper_bound":0.02336201806494615},"point_estimate":0.013114108261401025,"standard_error":0.005151072994708187}}